,median_graduate_income,median_parent_income
0,26100.0,29000
1,43000.0,101000
2,32900.0,66000
3,38600.0,92300
4,35200.0,67200
5,58500.0,96300
6,31900.0,69900
7,38600.0,88500
8,23400.0,78100
9,23400.0,78100
10,23400.0,78100
11,40800.0,57200
12,56000.0,62900
13,39400.0,97200
14,25500.0,64100
15,31000.0,44500
16,25500.0,44300
17,26900.0,61200
18,29900.0,50600
19,31100.0,50600
20,30000.0,50600
21,34600.0,50600
22,124700.0,95800
23,32200.0,43800
24,21700.0,29200
25,51200.0,68600
26,47400.0,120700
27,46700.0,89000
28,40400.0,59500
29,41400.0,90800
30,30400.0,65700
31,29900.0,57900
32,50900.0,102800
33,32200.0,65000
34,42200.0,98200
35,31600.0,60600
36,44500.0,84300
37,38800.0,65600
38,37000.0,84500
39,32400.0,58500
40,31800.0,30400
41,31800.0,30400
42,31800.0,30400
43,40000.0,66000
44,37300.0,44700
45,37300.0,44700
46,37300.0,44700
47,37300.0,44700
48,46000.0,68700
49,28000.0,88800
50,21000.0,38300
51,21000.0,38300
52,21000.0,38300
53,21000.0,38300
54,21000.0,38300
55,21000.0,38300
56,61000.0,135700
57,65000.0,181300
58,30700.0,61300
59,37200.0,88400
60,35200.0,75900
61,45200.0,73900
62,29500.0,45900
63,40200.0,68400
64,44800.0,90400
65,36900.0,91100
66,27100.0,66600
67,36400.0,56900
68,36400.0,56900
69,36400.0,56900
70,20300.0,37200
71,20300.0,37200
72,20300.0,37200
73,38800.0,105900
74,37300.0,94800
75,38100.0,93800
76,44100.0,92200
77,41400.0,84000
78,41400.0,84000
79,41400.0,84000
80,41400.0,84000
81,41400.0,84000
82,41400.0,84000
83,41400.0,84000
84,41400.0,84000
85,41400.0,84000
86,41400.0,84000
87,41400.0,84000
88,41400.0,84000
89,41400.0,84000
90,41400.0,84000
91,41400.0,84000
92,41400.0,84000
93,41400.0,84000
94,41400.0,84000
95,41400.0,84000
96,41400.0,84000
97,41400.0,84000
98,41400.0,84000
99,41400.0,84000
100,41400.0,84000
101,41400.0,84000
102,41400.0,84000
103,41400.0,84000
104,41400.0,84000
105,41400.0,84000
106,47700.0,110700
107,47700.0,110700
108,47700.0,110700
109,47700.0,110700
110,47700.0,110700
111,40100.0,110700
112,47300.0,110700
113,27700.0,38600
114,25700.0,37100
115,32200.0,60800
116,32200.0,60800
117,29400.0,63100
118,34100.0,63200
119,39900.0,76000
120,53600.0,84800
121,33300.0,74200
122,30500.0,55400
123,34100.0,58000
124,34100.0,58000
125,34100.0,58000
126,29500.0,45900
127,30600.0,68000
128,29400.0,73600
129,29400.0,73600
130,29400.0,73600
131,29400.0,73600
132,29400.0,73600
133,29400.0,73600
134,29400.0,73600
135,29400.0,73600
136,29400.0,73600
137,29400.0,73600
138,29400.0,73600
139,29400.0,73600
140,29400.0,73600
141,29400.0,73600
142,29400.0,73600
143,29400.0,73600
144,29400.0,73600
145,29400.0,73600
146,29400.0,73600
147,29400.0,73600
148,29400.0,73600
149,29400.0,73600
150,29400.0,73600
151,29400.0,73600
152,29400.0,73600
153,29400.0,73600
154,29400.0,73600
155,29400.0,73600
156,29400.0,73600
157,29400.0,73600
158,29400.0,73600
159,29400.0,73600
160,29400.0,73600
161,33000.0,63800
162,33000.0,63800
163,33900.0,78400
164,35600.0,78700
165,33300.0,74500
166,36500.0,77200
167,34900.0,91700
168,28900.0,62200
169,40400.0,84600
170,36300.0,83300
171,55200.0,120100
172,27800.0,57200
173,28000.0,38900
174,22000.0,32000
175,27400.0,60000
176,48800.0,123200
177,33300.0,73600
178,46800.0,99100
179,24900.0,46700
180,52000.0,114300
181,43700.0,93200
182,42700.0,87100
183,48200.0,109300
184,35700.0,77100
185,34900.0,66600
186,44100.0,74600
187,44100.0,74600
188,30100.0,83400
190,22800.0,63000
191,41800.0,65400
192,41800.0,65400
193,44100.0,88200
194,51100.0,103700
195,51100.0,103700
196,96100.0,140500
197,25200.0,35300
198,27200.0,61400
199,27200.0,61400
200,27200.0,61400
201,27200.0,61400
202,27200.0,61400
203,27200.0,61400
204,27200.0,61400
205,27200.0,61400
206,27200.0,61400
207,27200.0,61400
208,51300.0,96200
209,51300.0,96200
210,51300.0,96200
211,44400.0,89200
212,41100.0,94900
213,29400.0,70600
214,29400.0,70600
215,29000.0,67700
216,32000.0,67500
217,39700.0,117900
218,39700.0,117900
219,57900.0,148000
220,45800.0,69500
221,45800.0,69500
222,29900.0,58000
223,38100.0,87500
224,31300.0,52600
225,59200.0,176900
226,38800.0,65000
227,29700.0,64800
228,42700.0,84100
229,32100.0,55000
230,51600.0,132400
231,25900.0,46400
232,43800.0,75500
233,29600.0,81700
234,37300.0,77300
235,45700.0,98200
236,43500.0,97000
237,53600.0,73100
238,43600.0,63900
239,38200.0,97900
240,29600.0,53000
241,44100.0,116700
242,42400.0,109800
243,40100.0,90200
244,49000.0,104500
245,30600.0,50000
246,29500.0,99200
247,86900.0,119600
248,38400.0,72000
249,40800.0,42500
250,40800.0,42500
251,39600.0,51200
252,30300.0,119300
253,30700.0,66000
254,40000.0,103100
255,25300.0,91100
256,40400.0,77600
257,40200.0,73700
258,34800.0,76000
259,37800.0,81300
260,38600.0,54700
261,47300.0,100000
262,47300.0,100000
263,47300.0,100000
264,29200.0,43000
265,28100.0,50100
266,34900.0,64400
267,61600.0,104400
268,44500.0,95300
269,46700.0,137900
270,22800.0,31400
271,44800.0,68300
272,29000.0,74000
273,26100.0,41100
274,37400.0,65800
275,31300.0,73400
276,23400.0,36100
277,37500.0,83400
278,38200.0,40800
279,44500.0,89800
280,30200.0,61400
281,25800.0,60800
282,32100.0,71600
283,26600.0,54700
284,39000.0,77100
285,37100.0,77100
286,32800.0,28900
287,30700.0,63000
288,72500.0,168400
289,65300.0,126800
290,65500.0,177600
291,40500.0,92800
292,40500.0,92800
293,26200.0,54100
294,27300.0,69400
295,53600.0,112900
296,57900.0,142700
297,35000.0,74000
298,42000.0,87000
299,31600.0,93900
300,31900.0,63400
301,41900.0,74400
302,37200.0,64800
303,37200.0,64800
304,33900.0,70000
305,42500.0,91300
306,45300.0,93300
307,59700.0,119600
308,42200.0,93200
309,42700.0,92600
310,31800.0,69500
311,34200.0,93200
312,21900.0,30000
313,21900.0,30000
314,21900.0,30000
315,21900.0,30000
316,31200.0,95300
317,31400.0,65700
318,34900.0,54900
319,33200.0,67800
320,33200.0,67800
321,67500.0,197000
322,22400.0,47200
323,41300.0,78800
324,69300.0,116900
325,54600.0,125400
326,70800.0,149800
327,38600.0,87000
328,38600.0,87000
329,38600.0,87000
330,40000.0,69800
331,35100.0,49500
332,36600.0,83200
333,31100.0,66300
334,32800.0,75200
335,56600.0,121500
336,31300.0,64100
337,57200.0,42800
338,36000.0,33500
339,34800.0,29700
340,43900.0,52200
341,47200.0,49800
342,44900.0,41800
343,35000.0,33800
344,43100.0,32500
345,35900.0,35100
346,48200.0,63300
347,40800.0,36500
348,31200.0,26700
349,33300.0,70200
350,46600.0,98100
351,34800.0,77100
352,44400.0,84300
353,26800.0,60300
354,28000.0,72600
355,42600.0,82600
356,37200.0,90100
357,37900.0,66000
358,85900.0,124500
359,37900.0,108700
360,54200.0,110600
361,82900.0,113100
362,66900.0,124800
363,54000.0,80200
364,48900.0,88700
365,49800.0,96300
366,47800.0,67700
367,48100.0,112200
368,44700.0,45600
369,51700.0,86000
370,44700.0,72400
371,47200.0,83300
372,48100.0,85800
373,46100.0,36600
374,44800.0,93200
375,45400.0,61100
376,44500.0,69800
377,47300.0,93600
378,45400.0,72300
379,41600.0,73800
380,44800.0,111500
381,23800.0,46800
382,23800.0,46800
383,32800.0,74000
384,34300.0,56400
385,45900.0,69900
386,33700.0,68100
387,47300.0,94200
388,31700.0,67700
389,27900.0,70800
390,25700.0,44300
391,32300.0,46200
392,44000.0,84100
393,23800.0,73100
394,23100.0,73100
395,21900.0,73100
396,48500.0,88400
397,26700.0,45700
398,29700.0,59300
399,54200.0,152000
400,39700.0,66100
401,83600.0,134400
402,30800.0,47900
403,30800.0,47900
404,30800.0,47900
405,30800.0,47900
406,30800.0,47900
407,30800.0,47900
408,30800.0,47900
409,25400.0,40200
410,25400.0,40200
411,25400.0,40200
412,25400.0,40200
413,25400.0,40200
414,25400.0,40200
415,27100.0,46500
416,27100.0,46500
417,45900.0,89700
418,33900.0,92100
419,44200.0,95000
420,36000.0,79100
421,23900.0,50300
422,44700.0,101600
423,42000.0,97300
424,74600.0,118200
425,35500.0,68000
426,39400.0,94000
427,28800.0,63800
428,56800.0,133000
429,29700.0,64300
430,37100.0,64200
431,31500.0,76500
432,41300.0,99500
433,45800.0,94300
434,44900.0,100300
435,23800.0,29300
436,23800.0,29300
437,23800.0,29300
438,23800.0,29300
439,23800.0,29300
440,23800.0,29300
441,23800.0,29300
442,23800.0,29300
443,23800.0,29300
444,23800.0,29300
445,23800.0,29300
446,23800.0,29300
447,23800.0,29300
448,23800.0,29300
449,23800.0,29300
450,26500.0,53400
451,25000.0,57000
452,25100.0,40600
453,44700.0,87700
454,30800.0,56600
455,47900.0,93300
456,21500.0,33600
457,35400.0,66000
458,35400.0,66000
459,41900.0,98300
460,30000.0,54500
461,32300.0,62200
462,32300.0,68200
463,35300.0,66800
464,27600.0,71200
465,26100.0,40300
466,31000.0,51800
467,27700.0,68600
468,46500.0,97100
469,28400.0,52100
470,32000.0,66300
471,45500.0,111000
472,31900.0,45500
473,27000.0,70800
474,35700.0,70800
475,31300.0,70800
476,31500.0,70800
477,36900.0,70800
478,27700.0,70800
479,34200.0,70800
480,34600.0,84000
481,38200.0,68100
482,31500.0,66300
483,38400.0,66600
484,45400.0,85200
485,54500.0,109600
486,25800.0,78800
487,36900.0,70500
488,36600.0,71200
489,28600.0,70800
490,28900.0,48300
491,29400.0,61800
492,32000.0,66100
493,27100.0,65500
494,43600.0,76600
495,29400.0,38600
496,33800.0,43700
497,30300.0,51800
498,35700.0,66900
499,44200.0,97600
500,46900.0,92500
501,32700.0,74400
502,31200.0,68800
503,30400.0,53600
504,56800.0,106800
505,30900.0,66500
506,46300.0,35500
507,28100.0,39400
508,28000.0,39400
509,25100.0,39400
510,26100.0,39400
511,23500.0,39400
512,32800.0,39400
513,33400.0,73400
514,28500.0,35400
515,72900.0,142000
516,30600.0,50800
517,37900.0,75500
518,35500.0,54500
519,34100.0,82100
520,28800.0,66100
521,49100.0,103000
522,41300.0,75700
523,72000.0,94600
524,27100.0,59000
525,27100.0,59000
526,38800.0,77600
527,39200.0,64300
528,52400.0,120200
529,24500.0,49600
530,21800.0,42600
531,21800.0,42600
532,21800.0,42600
533,29300.0,64700
534,41300.0,72700
535,31400.0,62800
536,30700.0,54200
537,33500.0,65300
538,25800.0,44300
539,33300.0,72800
540,38100.0,72800
541,35100.0,72800
542,27300.0,56700
543,38500.0,91500
544,28500.0,51600
545,28500.0,68500
546,46200.0,90600
547,30400.0,40700
548,30400.0,40700
549,30400.0,40700
550,32800.0,59000
551,58100.0,208700
552,32500.0,57600
553,43600.0,99400
554,63600.0,208900
555,44100.0,98300
556,31400.0,54100
557,40700.0,119500
558,28300.0,64400
559,36600.0,85900
560,28600.0,35200
561,28600.0,35200
562,28600.0,35200
563,28600.0,35200
564,40000.0,92200
565,33800.0,88400
566,33700.0,82000
567,41400.0,88500
568,54400.0,94800
569,65000.0,94800
570,58500.0,122300
571,33900.0,40400
572,46200.0,87500
573,52600.0,106800
574,43400.0,75200
575,43800.0,91000
576,51400.0,87700
577,29300.0,56900
578,36500.0,90600
579,32300.0,66800
580,41500.0,73500
581,21300.0,52000
582,39400.0,88200
583,30600.0,44900
584,71000.0,157000
585,30500.0,68700
586,27500.0,53000
587,32500.0,49200
588,28100.0,59900
589,27400.0,51500
590,25900.0,57500
591,37400.0,55800
592,58500.0,147100
593,46300.0,108100
594,27100.0,43500
595,27100.0,43500
596,27100.0,43500
597,27100.0,43500
598,37500.0,95000
599,39300.0,98600
600,45400.0,154600
601,36800.0,75800
602,32700.0,79400
603,38400.0,72900
604,84900.0,111500
605,47100.0,115400
606,37500.0,72300
607,42200.0,52300
608,42200.0,52300
609,42200.0,52300
610,42200.0,52300
611,42200.0,52300
612,42200.0,52300
613,34900.0,64600
614,35900.0,77500
615,34400.0,85100
616,38300.0,61700
617,34600.0,62600
619,29900.0,71700
620,31500.0,74300
621,83300.0,169600
622,32200.0,81800
623,32200.0,72400
624,35900.0,72600
625,25800.0,41500
626,32000.0,66100
627,35100.0,71600
628,34700.0,68500
629,32000.0,43600
630,30500.0,64600
631,32300.0,66800
632,44500.0,86400
633,49200.0,77900
634,42800.0,79300
635,44500.0,91300
636,46400.0,94000
637,43300.0,88400
638,39700.0,86300
639,40100.0,75500
640,54900.0,170500
641,29300.0,49000
642,37800.0,76800
643,33200.0,85400
644,37600.0,85400
645,34900.0,85400
646,33900.0,93000
647,64900.0,110100
648,27400.0,41400
649,27400.0,41400
650,27400.0,41400
651,28100.0,50100
652,37600.0,79000
653,37600.0,79000
654,43000.0,91800
655,77200.0,143300
656,77200.0,143300
657,35400.0,84200
658,31500.0,65200
659,29100.0,89700
660,23100.0,40800
661,38300.0,101100
662,41200.0,86400
663,32400.0,75300
664,37700.0,44200
665,28900.0,57200
666,59700.0,119200
667,47300.0,44700
668,28200.0,51100
669,35100.0,73500
670,35600.0,79900
671,43200.0,102800
672,43200.0,102800
673,43200.0,102800
674,36600.0,78600
675,31400.0,59900
676,38700.0,68800
677,45900.0,101600
678,27000.0,57500
679,29800.0,42500
680,46400.0,75800
681,29100.0,63200
682,42800.0,77600
683,37900.0,54900
684,43200.0,87000
685,30400.0,59200
686,29700.0,59200
687,32300.0,59200
688,34100.0,59200
689,32200.0,59200
690,37300.0,59200
691,37200.0,59200
692,32300.0,63500
693,54200.0,93800
694,28000.0,61100
695,25000.0,59800
696,75500.0,185500
697,29600.0,63200
698,30700.0,55800
699,30700.0,55800
700,30700.0,55800
701,30700.0,55800
702,30700.0,55800
703,30700.0,55800
704,30700.0,55800
705,30700.0,55800
706,30700.0,55800
707,30700.0,55800
708,30700.0,55800
709,30700.0,55800
710,30700.0,55800
711,58900.0,208500
712,25600.0,60000
713,37400.0,68000
714,27700.0,78400
715,29600.0,58000
716,28700.0,52400
717,54000.0,117700
718,49700.0,98800
719,33500.0,91400
720,41000.0,77900
721,31800.0,52900
722,36900.0,80800
723,30400.0,64600
724,31300.0,69900
725,35000.0,82100
726,42100.0,90700
727,29800.0,43800
728,30300.0,75800
729,33700.0,71000
730,48800.0,149300
731,53300.0,99900
732,34300.0,72600
733,44100.0,56300
734,44100.0,56300
735,44100.0,56300
736,44100.0,56300
737,44100.0,56300
738,44100.0,56300
739,44100.0,56300
740,44100.0,56300
741,44100.0,56300
742,44100.0,56300
743,44100.0,56300
744,44100.0,56300
745,44100.0,56300
746,44100.0,56300
747,44100.0,56300
748,44100.0,56300
749,44100.0,56300
750,44100.0,56300
751,44100.0,56300
752,44100.0,56300
753,44100.0,56300
754,44100.0,56300
755,44100.0,56300
756,44100.0,56300
757,44100.0,56300
758,57400.0,136600
759,41700.0,57800
760,80200.0,95200
761,35400.0,42600
762,35400.0,76900
763,44300.0,76600
764,44300.0,76600
765,34000.0,48000
766,46300.0,88900
767,47100.0,87300
768,55600.0,98100
769,41700.0,80500
770,22700.0,43400
771,22700.0,43400
772,22700.0,43400
773,22700.0,43400
774,22700.0,43400
775,22700.0,43400
776,22700.0,43400
777,22700.0,43400
778,22700.0,43400
779,22700.0,43400
780,24200.0,93600
781,42800.0,71500
782,58300.0,109600
783,52700.0,140400
784,32200.0,74400
785,84400.0,196000
786,52800.0,89100
787,58500.0,104000
788,28800.0,59700
789,32900.0,82900
790,27300.0,55200
791,42700.0,63100
792,35000.0,99100
793,22700.0,36100
794,40500.0,96000
795,28600.0,68000
796,28700.0,41600
797,31500.0,57600
798,24900.0,44900
799,44600.0,85700
800,35100.0,75600
801,40500.0,72500
802,29200.0,60900
803,21700.0,29300
804,21700.0,29300
805,46400.0,94900
806,29300.0,65300
807,25700.0,58100
808,26200.0,59900
809,42200.0,100100
810,29400.0,75600
811,36100.0,69700
812,40300.0,90700
813,39300.0,98400
814,42300.0,81600
815,29500.0,47200
816,29500.0,47200
817,29500.0,47200
818,28100.0,45500
819,41200.0,74600
820,24300.0,35800
821,42500.0,93900
822,43100.0,85900
823,28500.0,54500
824,42200.0,113100
825,34600.0,53100
826,34600.0,53100
827,34600.0,53100
828,34600.0,53100
829,34600.0,53100
830,34600.0,53100
831,34600.0,53100
832,34600.0,53100
833,34600.0,53100
834,34600.0,53100
835,34600.0,53100
836,34600.0,53100
837,34600.0,53100
838,34600.0,53100
839,34600.0,53100
840,25200.0,53100
841,25100.0,32500
842,43300.0,93300
843,35400.0,74800
844,34700.0,61100
845,37600.0,84300
846,31800.0,51600
847,31800.0,51600
848,26500.0,29200
849,27600.0,47200
850,32300.0,91700
851,30400.0,37400
852,51300.0,98100
853,51300.0,98100
854,48300.0,100200
855,45900.0,91400
856,51900.0,146000
857,66200.0,92400
858,66200.0,92400
859,66200.0,92400
860,46600.0,120500
861,23900.0,50200
862,49700.0,93400
863,33600.0,67500
864,40700.0,84000
865,66000.0,175700
866,18500.0,55300
867,18500.0,55300
868,18500.0,55300
869,18500.0,55300
870,18500.0,55300
871,18500.0,55300
872,18500.0,55300
873,18500.0,55300
874,18500.0,55300
875,18500.0,55300
876,18500.0,55300
877,18500.0,55300
878,18500.0,55300
879,18500.0,55300
880,17300.0,43000
881,17300.0,43000
882,17300.0,43000
883,17300.0,43000
884,17300.0,43000
885,17300.0,43000
886,17300.0,43000
887,17300.0,43000
888,17300.0,43000
889,17300.0,43000
890,16500.0,76000
891,16500.0,76000
892,16500.0,76000
893,16500.0,76000
894,16500.0,76000
895,16500.0,76000
896,16500.0,76000
897,16500.0,76000
898,16500.0,76000
899,16500.0,76000
900,16500.0,76000
901,18200.0,52200
902,18200.0,52200
903,18200.0,52200
904,18200.0,52200
905,18200.0,52200
906,18200.0,52200
907,18200.0,52200
908,18200.0,52200
909,18200.0,52200
910,18200.0,52200
911,18200.0,52200
912,18200.0,52200
913,18200.0,52200
914,18200.0,52200
915,18200.0,52200
916,19500.0,53500
917,19500.0,53500
918,37100.0,80100
919,51100.0,108400
920,31800.0,59300
921,33500.0,72400
922,37400.0,94700
923,30100.0,43000
924,36000.0,76500
925,35800.0,73800
926,35800.0,73800
927,34200.0,82100
928,33200.0,100200
929,72100.0,151500
930,48100.0,87000
931,48100.0,87000
932,37200.0,76300
933,37200.0,76300
934,37200.0,76300
935,37200.0,76300
936,48900.0,79800
937,35400.0,63500
938,31200.0,41400
939,26000.0,51600
940,29100.0,66000
941,47300.0,73300
942,44500.0,82500
943,37300.0,71100
944,30700.0,69100
945,30700.0,69100
946,34900.0,55800
947,45700.0,89500
948,38900.0,100900
949,38900.0,100900
950,28200.0,55700
951,25800.0,43900
952,37600.0,57000
953,43200.0,77100
954,39100.0,85500
955,24700.0,57300
956,24700.0,57300
957,24700.0,57300
958,24700.0,57300
959,29500.0,52900
960,42100.0,78900
961,56600.0,86300
962,56600.0,86300
963,46300.0,66700
964,27600.0,33400
965,41400.0,85400
966,31900.0,66600
967,46400.0,100500
968,24600.0,39200
969,40800.0,88800
970,46500.0,80200
971,41700.0,80200
972,59200.0,113300
973,26300.0,67300
974,38200.0,71100
975,35200.0,90600
976,31100.0,49800
977,30700.0,49800
978,31800.0,56800
979,30900.0,45100
980,27100.0,27900
981,27100.0,27900
982,22900.0,35100
983,22900.0,35100
984,22900.0,35100
985,22900.0,35100
986,25800.0,50000
987,25800.0,50000
988,25800.0,50000
989,26000.0,33200
990,26000.0,33200
991,26000.0,33200
992,33500.0,70500
993,36100.0,74600
994,33100.0,68500
995,32000.0,57900
996,37700.0,102500
997,58900.0,162900
998,17800.0,25100
999,17800.0,25100
1000,44100.0,85300
1001,39700.0,86300
1002,48500.0,65800
1003,36000.0,90900
1004,37100.0,77500
1005,43900.0,71100
1006,41800.0,82200
1007,39300.0,80400
1008,51200.0,156700
1009,26700.0,52000
1010,31000.0,71200
1011,32500.0,45600
1012,32500.0,45600
1013,48100.0,83300
1014,31500.0,58000
1015,38700.0,84800
1016,27400.0,53800
1017,25900.0,63100
1018,25900.0,63100
1019,32800.0,68300
1020,30100.0,73100
1021,30400.0,80500
1022,26500.0,75600
1023,26500.0,75600
1024,30800.0,64400
1025,38700.0,77800
1026,24700.0,53600
1027,32200.0,58500
1028,45100.0,89000
1029,59900.0,107500
1030,69600.0,137300
1031,43000.0,93600
1032,93500.0,195100
1033,40500.0,95100
1034,34700.0,76000
1035,79100.0,126000
1036,31400.0,62000
1037,34300.0,68800
1038,26100.0,47200
1039,41900.0,88100
1040,36400.0,73400
1041,43300.0,82200
1042,44400.0,83300
1043,30500.0,84600
1044,56100.0,138500
1045,28900.0,33200
1046,28900.0,33200
1047,33200.0,40100
1048,33800.0,55900
1049,30300.0,72300
1050,30300.0,72300
1051,30300.0,72300
1052,30300.0,72300
1053,30300.0,72300
1054,30300.0,72300
1055,30300.0,72300
1056,30300.0,72300
1057,30300.0,72300
1058,30300.0,72300
1059,28500.0,62200
1060,44500.0,80300
1061,56100.0,121100
1062,41700.0,95900
1063,31200.0,74100
1064,37700.0,86900
1065,48900.0,106300
1066,34900.0,73100
1067,36200.0,77200
1068,36200.0,77200
1069,28100.0,34300
1070,52700.0,90000
1071,31300.0,83400
1072,42800.0,96400
1073,43200.0,71800
1074,27800.0,58600
1075,32600.0,66900
1076,31300.0,77300
1077,31100.0,54300
1078,30300.0,93200
1079,38100.0,90200
1080,32300.0,69100
1081,36900.0,95400
1082,36800.0,80000
1083,31500.0,64600
1084,49100.0,126400
1085,34000.0,77400
1086,29000.0,77400
1087,36400.0,109900
1088,27200.0,63000
1089,29700.0,56700
1090,51700.0,114000
1091,33600.0,80600
1092,54300.0,94700
1093,23100.0,34500
1094,33700.0,71500
1095,24100.0,29900
1096,32600.0,42400
1097,60200.0,164600
1098,49200.0,94300
1099,52200.0,141200
1100,34500.0,119300
1101,44700.0,79500
1102,34300.0,71800
1103,46400.0,107800
1104,45100.0,81800
1105,43300.0,91700
1106,40900.0,98200
1107,40900.0,98200
1108,32600.0,90200
1109,37300.0,88900
1110,36300.0,89100
1111,26700.0,45200
1112,34900.0,72200
1113,34900.0,72200
1114,34900.0,72200
1115,34900.0,72200
1116,34900.0,72200
1117,32100.0,51800
1118,45800.0,94400
1119,89700.0,174000
1120,88800.0,139800
1121,44400.0,82700
1122,60700.0,174200
1123,49900.0,68600
1124,36100.0,67600
1125,25400.0,53700
1126,34500.0,52400
1127,34500.0,52400
1128,34500.0,52400
1129,34500.0,52400
1130,34500.0,52400
1131,34500.0,52400
1132,34500.0,52400
1133,34500.0,52400
1134,34500.0,52400
1135,34500.0,52400
1136,34500.0,52400
1137,34500.0,52400
1138,26600.0,80700
1139,39300.0,80000
1140,36900.0,57900
1141,35700.0,63900
1142,39700.0,107500
1143,31400.0,76600
1144,23800.0,53400
1145,23800.0,53400
1146,23800.0,53400
1147,23800.0,53400
1148,31400.0,57400
1149,37800.0,65400
1150,37800.0,65400
1151,37800.0,65400
1152,37800.0,65400
1153,37800.0,65400
1154,37800.0,65400
1155,37800.0,65400
1156,37800.0,65400
1157,37800.0,65400
1158,37800.0,65400
1159,37800.0,65400
1160,41000.0,66600
1161,33600.0,63700
1162,39000.0,86100
1163,26800.0,62700
1164,31800.0,66000
1165,36900.0,76500
1166,42600.0,66300
1167,29000.0,58200
1168,33300.0,63700
1169,26600.0,43200
1170,42700.0,78900
1171,53500.0,120400
1172,29700.0,63600
1173,37100.0,38300
1174,53100.0,105300
1175,31100.0,41700
1176,35400.0,110700
1177,28300.0,41500
1178,52700.0,83200
1179,31200.0,71500
1180,45300.0,92600
1181,46200.0,114100
1182,25800.0,51000
1183,37400.0,85300
1184,29900.0,62300
1185,45800.0,93400
1186,33600.0,49200
1187,38600.0,99100
1188,30600.0,53100
1189,30600.0,53100
1190,37600.0,69200
1191,49200.0,76900
1192,28700.0,32600
1193,37100.0,74200
1194,36600.0,96000
1195,39900.0,87200
1196,36200.0,81400
1197,38800.0,60900
1198,33800.0,67700
1199,26700.0,53200
1200,51300.0,56000
1201,39400.0,52600
1202,39400.0,52600
1203,39400.0,52600
1204,39400.0,52600
1205,39400.0,52600
1206,39400.0,52600
1207,39400.0,52600
1208,39400.0,52600
1209,39400.0,52600
1210,39400.0,52600
1211,39400.0,52600
1212,39400.0,52600
1213,39400.0,52600
1214,39400.0,52600
1215,39400.0,52600
1216,39400.0,52600
1217,39400.0,52600
1218,39400.0,52600
1219,39400.0,52600
1220,39400.0,52600
1221,39400.0,52600
1222,39400.0,52600
1223,39400.0,52600
1224,39400.0,52600
1225,39400.0,52600
1226,39400.0,52600
1227,39400.0,52600
1228,39400.0,52600
1229,39400.0,52600
1230,39400.0,52600
1231,39400.0,52600
1232,39400.0,52600
1233,39400.0,52600
1234,39400.0,52600
1235,39400.0,52600
1236,39400.0,52600
1237,39400.0,52600
1238,39400.0,52600
1239,39400.0,52600
1240,39400.0,52600
1241,39400.0,52600
1242,39400.0,52600
1243,39400.0,52600
1244,39400.0,52600
1245,39400.0,52600
1246,39400.0,52600
1247,39400.0,52600
1248,39400.0,52600
1249,39400.0,52600
1250,39400.0,52600
1251,39400.0,52600
1252,39400.0,52600
1253,39400.0,52600
1254,39400.0,52600
1255,39400.0,52600
1256,39400.0,52600
1257,39400.0,52600
1258,39400.0,52600
1259,39400.0,52600
1260,39400.0,52600
1261,39400.0,52600
1262,39400.0,52600
1263,39400.0,52600
1264,39400.0,52600
1265,39400.0,52600
1266,39400.0,52600
1267,39400.0,52600
1268,39400.0,52600
1269,39400.0,52600
1270,39400.0,52600
1271,39400.0,52600
1272,39400.0,52600
1273,39400.0,52600
1274,39400.0,52600
1275,39400.0,52600
1276,39400.0,52600
1277,39400.0,52600
1278,39400.0,52600
1279,39400.0,52600
1280,39400.0,52600
1281,39400.0,52600
1282,39400.0,52600
1283,39400.0,52600
1284,39400.0,52600
1285,39400.0,52600
1286,39400.0,52600
1287,39400.0,52600
1288,39400.0,52600
1289,39400.0,52600
1290,39400.0,52600
1291,39400.0,52600
1292,39400.0,52600
1293,39400.0,52600
1294,39400.0,52600
1295,39400.0,52600
1296,39400.0,52600
1297,39400.0,52600
1298,39400.0,52600
1299,39400.0,52600
1300,39400.0,52600
1301,39400.0,52600
1302,39400.0,52600
1303,39400.0,52600
1304,39400.0,52600
1305,39400.0,52600
1306,39400.0,52600
1307,39400.0,52600
1308,39400.0,52600
1309,39400.0,52600
1310,39400.0,52600
1311,39400.0,52600
1312,39400.0,52600
1313,39400.0,52600
1314,39400.0,52600
1315,39400.0,52600
1316,39400.0,52600
1317,39400.0,52600
1318,39400.0,52600
1319,39400.0,52600
1320,39400.0,52600
1321,39400.0,52600
1322,39400.0,52600
1323,39400.0,52600
1324,39400.0,52600
1325,39400.0,52600
1326,39400.0,52600
1327,39400.0,52600
1328,39400.0,52600
1329,39400.0,52600
1330,39400.0,52600
1331,39400.0,52600
1332,39400.0,52600
1333,39400.0,52600
1334,39400.0,52600
1335,39400.0,52600
1336,39400.0,52600
1337,39400.0,52600
1338,39400.0,52600
1339,39400.0,52600
1340,39400.0,52600
1341,39400.0,52600
1342,39400.0,52600
1343,41800.0,52600
1344,41800.0,52600
1345,41800.0,52600
1346,35700.0,71500
1347,30900.0,65800
1348,30900.0,65800
1349,30900.0,65800
1350,28800.0,65800
1351,31000.0,65800
1352,31000.0,65800
1353,30500.0,82800
1354,42800.0,80900
1355,29500.0,58400
1356,34100.0,81500
1357,34100.0,81500
1358,34100.0,81500
1359,34100.0,81500
1360,69100.0,91600
1361,47100.0,107600
1362,30700.0,73800
1363,59100.0,120900
1364,50600.0,92700
1365,25400.0,34300
1366,27800.0,48600
1367,32100.0,59600
1368,30400.0,54000
1369,42700.0,67800
1370,39000.0,82600
1371,40800.0,77100
1372,47700.0,99400
1373,31500.0,99400
1374,42500.0,99400
1375,36200.0,99400
1376,36300.0,99400
1377,34900.0,99400
1378,37900.0,99400
1379,33400.0,42700
1380,33400.0,42700
1381,33400.0,42700
1382,29900.0,49200
1384,23000.0,32900
1385,23000.0,32900
1386,23000.0,32900
1387,23000.0,32900
1388,21800.0,33000
1389,21800.0,33000
1390,21800.0,33000
1391,21800.0,33000
1392,21800.0,33000
1393,21800.0,33000
1394,21800.0,33000
1395,21800.0,33000
1396,21800.0,33000
1397,21800.0,33000
1398,27400.0,51600
1399,27400.0,51600
1400,27400.0,51600
1401,27400.0,51600
1402,29300.0,50400
1403,29300.0,50400
1404,29300.0,50400
1405,29300.0,50400
1406,29300.0,50400
1407,29300.0,50400
1408,29300.0,50400
1409,29300.0,50400
1410,27300.0,64500
1411,27300.0,64500
1412,20200.0,29500
1413,56100.0,97400
1414,36500.0,64400
1415,34000.0,55200
1416,50700.0,92900
1417,33100.0,67100
1418,36900.0,81200
1419,36900.0,81200
1420,23900.0,54600
1421,27500.0,47900
1422,52300.0,117800
1423,30100.0,66000
1424,30100.0,66000
1425,30100.0,66000
1426,30100.0,66000
1427,30100.0,66000
1428,30100.0,66000
1429,30100.0,66000
1430,30100.0,66000
1431,30100.0,66000
1432,30100.0,66000
1433,30100.0,66000
1434,30100.0,66000
1435,30100.0,66000
1436,30100.0,66000
1437,30100.0,66000
1438,31300.0,71300
1439,30500.0,72400
1440,28400.0,63200
1441,30000.0,37100
1442,35800.0,69100
1443,50500.0,85000
1444,32300.0,64200
1445,29100.0,65100
1446,56600.0,134300
1447,23900.0,36700
1448,43800.0,75200
1449,30800.0,59600
1450,31700.0,75400
1451,28800.0,69100
1452,31600.0,56800
1453,26200.0,35800
1454,30600.0,76200
1455,25700.0,61100
1456,45800.0,86800
1457,53800.0,101500
1458,33400.0,79900
1459,29900.0,61400
1460,37900.0,68400
1461,33200.0,68400
1462,33400.0,68400
1463,28800.0,68400
1464,73200.0,142300
1465,38800.0,75100
1466,38800.0,75100
1467,38800.0,75100
1468,38800.0,75100
1469,38800.0,75100
1470,40500.0,55700
1471,36600.0,91100
1472,29800.0,82000
1473,29800.0,82000
1474,29800.0,60200
1475,31200.0,92100
1476,27200.0,49100
1477,42800.0,83000
1478,49200.0,92100
1479,48700.0,139700
1480,30000.0,79600
1481,29000.0,72400
1482,31200.0,98500
1483,31200.0,66500
1484,45600.0,92100
1485,40300.0,66000
1486,28000.0,59900
1487,46100.0,79200
1488,42400.0,97700
1489,31100.0,40500
1490,31100.0,40500
1491,31100.0,40500
1492,31100.0,40500
1493,31100.0,40500
1494,31100.0,40500
1495,31100.0,40500
1496,31100.0,40500
1497,31100.0,40500
1498,31100.0,40500
1499,31100.0,40500
1500,31100.0,40500
1501,31100.0,40500
1502,31100.0,40500
1503,31500.0,71600
1504,42800.0,99900
1505,38000.0,78400
1506,38000.0,78400
1507,38000.0,78400
1508,38000.0,78400
1509,38000.0,78400
1510,38000.0,78400
1511,38000.0,78400
1512,38000.0,78400
1513,34600.0,77900
1514,28700.0,54000
1515,36700.0,82500
1516,48700.0,168400
1517,29800.0,63600
1518,35600.0,63600
1519,33400.0,63600
1520,27700.0,63600
1521,28000.0,63600
1522,80500.0,100100
1523,43800.0,67700
1524,33100.0,60200
1525,23700.0,29800
1526,23700.0,29800
1527,23700.0,29800
1528,23700.0,29800
1529,23700.0,29800
1530,23700.0,29800
1531,23700.0,29800
1532,23700.0,29800
1533,23700.0,29800
1534,29400.0,59900
1535,43500.0,76000
1536,27500.0,54700
1537,51000.0,89900
1538,35400.0,40700
1539,35800.0,75000
1540,34100.0,76400
1541,26600.0,53600
1542,39700.0,99900
1543,41600.0,94100
1544,40400.0,78700
1545,58000.0,101500
1546,49500.0,81300
1547,33800.0,57700
1548,32700.0,55200
1549,68600.0,156700
1550,39600.0,100800
1551,36900.0,56500
1552,36200.0,76700
1553,50900.0,116000
1554,29100.0,63800
1555,24100.0,69800
1556,35800.0,54300
1557,30900.0,59100
1558,37700.0,75500
1559,25900.0,64600
1560,41400.0,84100
1561,42800.0,75400
1562,32200.0,73500
1564,34500.0,73100
1565,28400.0,48500
1566,35700.0,52600
1567,28900.0,64100
1568,31400.0,61100
1569,39500.0,77200
1570,34300.0,72000
1571,34200.0,83300
1572,23600.0,179000
1573,30600.0,69300
1574,27700.0,38800
1575,26700.0,63800
1576,31900.0,80700
1577,34600.0,69000
1578,29500.0,27400
1579,38500.0,109500
1580,43000.0,74300
1581,31300.0,64200
1582,36000.0,83900
1583,55300.0,95100
1584,44100.0,111600
1585,35000.0,72100
1586,33000.0,64800
1587,33000.0,64800
1588,33000.0,64800
1589,33000.0,64800
1590,33000.0,64800
1591,33800.0,64800
1592,33700.0,67200
1593,33700.0,67200
1594,33700.0,67200
1595,33700.0,67200
1596,31600.0,66800
1597,31600.0,66800
1598,31600.0,66800
1599,49600.0,89100
1600,45800.0,92700
1601,35100.0,63300
1602,34200.0,78600
1603,33200.0,83200
1604,33000.0,70000
1605,81900.0,138300
1606,27400.0,45900
1607,38500.0,91600
1608,38700.0,96100
1609,48200.0,85700
1610,46200.0,119100
1611,27400.0,70500
1612,48800.0,93700
1613,34600.0,66000
1614,46000.0,80700
1615,37400.0,73900
1616,30900.0,73800
1617,30900.0,81800
1618,33900.0,75000
1619,33900.0,75000
1620,29600.0,72700
1621,38200.0,69000
1622,39400.0,47200
1623,37100.0,47200
1624,37100.0,47200
1625,37100.0,47200
1626,37100.0,47200
1627,37100.0,47200
1628,37100.0,47200
1629,37100.0,47200
1630,37100.0,47200
1631,37100.0,47200
1632,27600.0,47200
1633,27600.0,47200
1634,27600.0,47200
1635,27600.0,47200
1636,27600.0,47200
1637,27600.0,47200
1638,27600.0,47200
1639,27600.0,47200
1640,27600.0,47200
1641,27600.0,47200
1642,27600.0,47200
1643,27600.0,47200
1644,27600.0,47200
1645,30000.0,35400
1646,27400.0,35400
1647,31400.0,57000
1648,34600.0,47500
1649,41300.0,91100
1650,41300.0,91100
1651,28800.0,49100
1652,55200.0,105500
1653,55200.0,105500
1654,55200.0,105500
1655,39900.0,66800
1656,32300.0,71900
1657,43200.0,106400
1658,26000.0,53700
1659,41500.0,76600
1660,36200.0,75900
1661,28900.0,49900
1662,49000.0,59000
1663,49000.0,59000
1664,49000.0,59000
1665,49000.0,59000
1666,49000.0,59000
1667,49000.0,59000
1668,41500.0,105700
1669,44600.0,94100
1670,30600.0,74000
1671,26400.0,40000
1672,26700.0,41400
1673,32100.0,41400
1674,34900.0,41400
1675,28800.0,41400
1676,31900.0,41400
1677,24800.0,41400
1678,31500.0,41400
1679,32600.0,41400
1680,31300.0,41400
1681,32000.0,71900
1682,34300.0,71900
1683,29700.0,71900
1685,42800.0,84500
1686,35700.0,66500
1687,50100.0,94300
1688,33700.0,94300
1689,31900.0,94300
1690,41500.0,81500
1691,36500.0,81600
1692,30100.0,72200
1693,61300.0,131800
1694,54100.0,98600
1695,68100.0,151200
1696,47100.0,113800
1697,41800.0,71900
1698,28300.0,27700
1699,26500.0,44200
1700,47400.0,101300
1701,31500.0,61100
1702,45700.0,83600
1703,39300.0,149800
1704,68800.0,94100
1705,116000.0,83300
1706,33300.0,48400
1707,36200.0,75500
1708,47600.0,115500
1709,32500.0,93000
1710,36500.0,74800
1711,31600.0,80400
1712,31600.0,80400
1713,31600.0,80400
1714,40900.0,100700
1715,95600.0,85300
1716,41700.0,79000
1717,34700.0,81700
1718,36800.0,79400
1719,40700.0,81400
1720,45600.0,95400
1721,38100.0,78400
1722,38600.0,70300
1723,33000.0,68000
1724,41700.0,80900
1725,45800.0,85300
1726,19100.0,44200
1727,19100.0,44200
1729,16800.0,44200
1730,16800.0,44200
1731,16800.0,44200
1732,16800.0,44200
1733,16800.0,44200
1734,16800.0,44200
1735,16800.0,44200
1736,16800.0,44200
1737,16800.0,44200
1738,16800.0,44200
1739,16800.0,44200
1740,16800.0,44200
1741,16800.0,44200
1742,16800.0,44200
1743,19700.0,44200
1744,19700.0,44200
1745,20500.0,44200
1746,20500.0,44200
1747,20500.0,44200
1748,20500.0,44200
1749,20000.0,44200
1750,16300.0,44200
1751,16300.0,44200
1760,14800.0,44200
1761,14800.0,44200
1762,24800.0,44200
1763,27300.0,44200
1764,27300.0,44200
1765,27300.0,44200
1766,27300.0,44200
1767,23700.0,44200
1768,22300.0,44200
1769,12700.0,44200
1770,19700.0,44200
1771,19700.0,44200
1772,19700.0,44200
1773,18200.0,44200
1774,18200.0,44200
1775,18200.0,44200
1776,14700.0,44200
1777,14700.0,44200
1778,14700.0,44200
1779,14700.0,44200
1780,14700.0,44200
1781,14700.0,44200
1782,14700.0,44200
1783,14700.0,44200
1784,14700.0,44200
1789,30000.0,62400
1790,56900.0,119300
1791,62600.0,124800
1792,31500.0,72900
1793,35600.0,76400
1794,31500.0,68500
1795,21000.0,37700
1796,32700.0,62000
1797,37200.0,81100
1798,37300.0,117100
1799,35900.0,104900
1800,35900.0,104900
1801,41400.0,91100
1802,53600.0,91800
1803,39000.0,84900
1804,47200.0,92900
1805,39600.0,80600
1806,41000.0,76800
1807,36200.0,98300
1808,35800.0,81400
1809,104700.0,141000
1810,86600.0,105300
1811,35100.0,78300
1812,41700.0,87700
1813,25300.0,47400
1814,31600.0,44600
1815,39300.0,68300
1816,49700.0,108100
1817,26700.0,52200
1818,32900.0,95900
1819,45800.0,79900
1820,30000.0,54700
1821,41000.0,78000
1822,33500.0,95300
1823,39300.0,70000
1824,38200.0,75800
1825,39400.0,72100
1826,27900.0,35600
1827,26300.0,51900
1828,27000.0,48400
1829,34900.0,80400
1830,48200.0,90000
1831,39700.0,50700
1832,40300.0,87400
1833,40300.0,87400
1834,39500.0,107700
1835,26000.0,41300
1836,57100.0,109700
1837,45100.0,97100
1838,39300.0,68600
1839,19100.0,38400
1840,19100.0,38400
1841,19100.0,38400
1842,19100.0,38400
1843,31200.0,73900
1844,30800.0,72700
1845,40200.0,87500
1846,31100.0,37000
1847,31600.0,46300
1848,47100.0,118800
1849,47100.0,118800
1850,47100.0,118800
1851,53600.0,120400
1852,66400.0,98700
1853,31100.0,57000
1854,22500.0,38000
1855,33400.0,67700
1856,42900.0,82900
1857,31500.0,62700
1858,38700.0,89100
1859,58200.0,219600
1860,58200.0,219600
1861,35400.0,82500
1862,35300.0,82900
1863,37600.0,78900
1864,38300.0,58600
1865,39900.0,73300
1866,29000.0,61000
1867,20500.0,37700
1868,22500.0,37700
1869,22500.0,37700
1870,22500.0,37700
1871,27100.0,47900
1872,27100.0,47900
1873,27100.0,47900
1874,27100.0,47900
1875,27100.0,47900
1876,27100.0,47900
1877,27100.0,47900
1878,41100.0,70800
1879,24100.0,35800
1880,24100.0,35800
1881,24200.0,39300
1882,24200.0,39300
1883,36600.0,51800
1884,25300.0,41300
1885,25300.0,41300
1886,25300.0,41300
1887,25300.0,41300
1888,25300.0,41300
1889,25300.0,41300
1890,25300.0,41300
1891,25300.0,41300
1892,25300.0,41300
1893,25300.0,41300
1894,25300.0,41300
1895,25300.0,41300
1896,25300.0,41300
1897,25300.0,41300
1898,25300.0,41300
1899,22400.0,41300
1900,22400.0,41300
1901,22400.0,41300
1902,22400.0,41300
1903,22400.0,41300
1904,22400.0,41300
1905,22400.0,41300
1906,23500.0,41300
1907,23500.0,41300
1908,23500.0,41300
1909,23500.0,41300
1910,23500.0,41300
1911,23500.0,41300
1912,23500.0,41300
1913,23500.0,41300
1914,43500.0,93500
1915,39600.0,85900
1916,42900.0,96500
1917,39900.0,79100
1918,48100.0,110600
1919,31100.0,64100
1920,33300.0,89200
1921,71300.0,91700
1922,27100.0,56300
1923,34300.0,77500
1924,35400.0,92900
1925,33500.0,73800
1926,33500.0,73800
1927,33500.0,73800
1928,33500.0,73800
1929,33500.0,73800
1930,33500.0,73800
1931,33500.0,73800
1932,33500.0,73800
1933,33500.0,73800
1934,38100.0,77500
1935,38100.0,77500
1936,34200.0,77500
1937,40600.0,77500
1938,33800.0,77500
1939,33800.0,77500
1940,37500.0,77500
1941,35400.0,77500
1942,36400.0,77500
1943,44900.0,77500
1944,33200.0,77500
1945,40600.0,77500
1946,40000.0,77500
1947,37600.0,77500
1948,37600.0,77500
1949,44200.0,77500
1950,39400.0,77500
1951,39400.0,77500
1952,35400.0,77500
1953,35400.0,77500
1954,44700.0,77500
1955,32500.0,77500
1956,32500.0,77500
1957,33300.0,77500
1958,33300.0,77500
1959,34700.0,77500
1960,32300.0,77500
1961,39100.0,77500
1962,32000.0,77500
1963,36100.0,77500
1964,36100.0,77500
1965,36200.0,77500
1966,36200.0,77500
1967,36200.0,77500
1968,36200.0,77500
1969,38500.0,77500
1970,38100.0,77500
1971,34300.0,77500
1972,28100.0,77500
1973,40400.0,77500
1974,39400.0,77500
1975,41500.0,77500
1976,48200.0,77500
1977,38500.0,77500
1978,37000.0,77500
1979,38000.0,77500
1980,32400.0,77500
1981,41200.0,64400
1982,28900.0,71200
1983,50400.0,85000
1984,38300.0,93400
1985,22100.0,30100
1986,27900.0,56800
1987,40200.0,90700
1988,34100.0,68500
1989,23200.0,28800
1990,35600.0,85100
1991,23900.0,42200
1992,33300.0,63800
1993,39300.0,87900
1994,27100.0,43100
1995,34000.0,63500
1996,34400.0,68300
1997,32000.0,98200
1998,24400.0,64700
1999,39700.0,59000
2000,29600.0,59600
2001,27500.0,45400
2002,30800.0,58300
2003,41500.0,88100
2004,50500.0,110000
2005,30300.0,28200
2006,33000.0,77200
2007,32100.0,84800
2008,34600.0,66000
2009,34600.0,66000
2010,37100.0,56100
2011,43200.0,84500
2012,41700.0,68300
2013,41700.0,68300
2014,27900.0,63200
2015,49600.0,86600
2016,31900.0,66100
2017,40700.0,69000
2018,25900.0,51000
2019,37300.0,85200
2023,31300.0,61500
2024,34600.0,74900
2025,33700.0,87200
2026,51100.0,97100
2027,33100.0,65700
2028,41800.0,81800
2029,43700.0,67100
2030,33300.0,49700
2031,28700.0,64700
2032,20300.0,28800
2033,40800.0,57700
2034,48600.0,108700
2035,33400.0,75000
2036,40400.0,64900
2037,36600.0,67100
2038,40000.0,80800
2039,45300.0,76500
2040,51600.0,91700
2041,52600.0,111700
2042,35000.0,62800
2043,53200.0,48500
2044,53200.0,48500
2045,43600.0,77200
2046,32400.0,71400
2047,24400.0,43000
2048,28800.0,71000
2049,59400.0,150300
2050,34100.0,80500
2051,37100.0,79800
2052,30100.0,77400
2053,28500.0,73400
2054,39600.0,83100
2055,38200.0,76600
2056,37000.0,75000
2057,26100.0,57600
2058,36600.0,81500
2059,30500.0,65400
2060,38400.0,80100
2061,20400.0,39100
2062,24500.0,44400
2063,24500.0,44400
2064,24500.0,44400
2065,25100.0,48900
2066,21600.0,65000
2067,35400.0,75300
2068,30900.0,56000
2069,44300.0,100500
2070,46000.0,88200
2071,44300.0,85200
2073,36400.0,50400
2074,36400.0,50400
2075,37900.0,94400
2076,37600.0,91600
2077,37300.0,73500
2078,42800.0,71400
2079,42700.0,51600
2080,68500.0,84000
2081,36300.0,48500
2082,50000.0,91800
2083,29200.0,50000
2084,39700.0,75600
2085,34600.0,59300
2086,34600.0,59300
2087,34600.0,59300
2088,34600.0,59300
2089,34600.0,59300
2090,31300.0,68000
2091,44500.0,95800
2092,40600.0,33500
2093,55100.0,78500
2094,61900.0,130500
2095,36900.0,80400
2096,44000.0,91400
2097,33600.0,71900
2098,42800.0,92300
2099,37500.0,69800
2100,48300.0,95300
2101,29900.0,63100
2102,35800.0,48000
2103,25600.0,45000
2104,34700.0,52600
2105,32900.0,45600
2106,52500.0,111400
2107,38600.0,63100
2108,47800.0,103700
2109,39600.0,58900
2110,26400.0,60500
2111,28300.0,57900
2112,27900.0,60100
2113,33200.0,79800
2114,34600.0,74000
2115,30500.0,61000
2116,43400.0,63200
2117,48200.0,81900
2118,29400.0,48800
2119,25600.0,42300
2120,34400.0,77100
2121,31000.0,59600
2122,33900.0,62100
2123,43700.0,87200
2124,37800.0,71200
2125,35200.0,72000
2126,32000.0,74900
2127,32000.0,74900
2128,36000.0,69200
2129,27900.0,53200
2130,33900.0,54300
2131,33700.0,64400
2132,29200.0,57200
2133,26500.0,60200
2134,27800.0,51100
2135,35900.0,74500
2136,37900.0,53300
2137,33200.0,61100
2138,30500.0,52800
2139,35800.0,62100
2140,23700.0,42200
2141,67400.0,108300
2142,67400.0,108300
2143,32400.0,70700
2144,45500.0,97700
2145,37500.0,86400
2146,35500.0,81000
2147,30900.0,63000
2148,42000.0,86200
2149,35400.0,65300
2150,33700.0,74600
2151,25200.0,46800
2152,25600.0,56300
2153,32800.0,65900
2154,30000.0,60800
2155,27800.0,62200
2156,43100.0,62900
2157,36500.0,57100
2158,28800.0,51700
2159,40000.0,80900
2160,39600.0,83800
2161,30900.0,69200
2162,41300.0,80400
2163,29600.0,43300
2164,29600.0,43300
2165,38400.0,75300
2166,33900.0,78400
2167,30000.0,69400
2168,36400.0,61400
2169,34300.0,57700
2170,69000.0,168500
2171,48900.0,86000
2172,48900.0,86000
2173,48900.0,86000
2174,33500.0,70200
2175,53700.0,88200
2176,51800.0,81100
2177,45300.0,64000
2178,41300.0,58400
2179,33600.0,60300
2180,30600.0,93400
2181,43100.0,110600
2182,38500.0,75500
2183,40800.0,127100
2184,50600.0,122400
2185,34900.0,81600
2186,35200.0,50900
2187,26000.0,41600
2188,42100.0,98600
2189,41000.0,73700
2190,63500.0,91300
2191,40500.0,90900
2192,40500.0,90900
2193,40500.0,90900
2194,40500.0,90900
2195,40500.0,90900
2196,40500.0,90900
2197,45300.0,103000
2198,38900.0,91100
2199,23700.0,35300
2200,40500.0,91700
2201,38500.0,88100
2202,33200.0,66900
2203,42800.0,101700
2204,36700.0,56900
2205,46500.0,90000
2206,33900.0,64600
2207,35300.0,53900
2208,43700.0,82400
2209,38400.0,66600
2210,40400.0,81400
2211,17100.0,44200
2212,33200.0,75700
2213,32100.0,72800
2214,37600.0,76600
2215,35100.0,80200
2216,27800.0,46000
2217,25800.0,37200
2218,56600.0,76400
2219,49600.0,100600
2220,49600.0,100600
2221,29200.0,41000
2222,25900.0,50100
2223,44900.0,80500
2224,41500.0,64200
2225,41500.0,64200
2226,41500.0,64200
2227,41500.0,64200
2228,41500.0,64200
2229,41500.0,64200
2230,43100.0,88100
2231,41200.0,88300
2232,39500.0,88400
2233,47200.0,86500
2234,39300.0,46000
2235,31100.0,68400
2236,30500.0,61400
2237,28900.0,58800
2238,25800.0,36600
2239,60300.0,68600
2240,49400.0,100900
2241,51700.0,96400
2242,46600.0,92700
2243,28200.0,36800
2244,40600.0,92200
2245,33300.0,61900
2246,34400.0,73500
2247,33500.0,53200
2248,26200.0,53700
2249,45900.0,65300
2250,30900.0,72500
2251,33800.0,44600
2252,29700.0,51100
2253,27700.0,36400
2254,25000.0,48800
2255,23700.0,53900
2256,21200.0,85200
2257,21200.0,85200
2258,21200.0,85200
2259,21200.0,85200
2260,21200.0,85200
2261,21200.0,85200
2262,21200.0,85200
2263,35300.0,76300
2264,27600.0,45700
2265,27600.0,45700
2266,29500.0,73100
2267,30100.0,64900
2268,42600.0,73400
2269,28000.0,55800
2270,50100.0,95400
2271,50100.0,95400
2272,50100.0,95400
2273,50100.0,95400
2274,50100.0,95400
2275,50100.0,95400
2276,50100.0,95400
2277,50100.0,95400
2278,50100.0,95400
2279,50100.0,95400
2280,50100.0,95400
2281,50100.0,95400
2282,50100.0,95400
2283,50100.0,95400
2284,50100.0,95400
2285,50100.0,95400
2286,50100.0,95400
2287,50100.0,95400
2288,50100.0,95400
2289,50100.0,95400
2290,50100.0,95400
2291,50100.0,95400
2292,50100.0,95400
2293,50100.0,95400
2294,28200.0,58200
2295,65500.0,124100
2296,54300.0,82000
2297,37500.0,64600
2298,39200.0,83600
2299,51200.0,99600
2300,24400.0,32000
2301,22400.0,30200
2302,34500.0,75300
2303,36000.0,75300
2304,31900.0,75300
2305,34100.0,75300
2306,34100.0,75300
2307,35600.0,75300
2308,30200.0,75300
2309,39500.0,75300
2310,35600.0,75300
2311,38600.0,75300
2312,33800.0,75300
2313,33800.0,75300
2314,40600.0,81400
2315,26200.0,46200
2316,27000.0,45200
2317,31100.0,70400
2318,36500.0,73500
2319,36500.0,73500
2320,30900.0,61400
2321,28800.0,44500
2322,28800.0,44500
2323,28800.0,44500
2324,28800.0,44500
2325,28800.0,44500
2326,28800.0,44500
2327,28800.0,44500
2328,28800.0,44500
2329,28800.0,44500
2330,28800.0,44500
2331,28800.0,44500
2332,30800.0,45500
2333,25000.0,51200
2334,25000.0,51200
2335,30500.0,52200
2336,27800.0,57700
2337,39400.0,75300
2338,57200.0,72400
2339,34200.0,58900
2340,48700.0,131900
2341,26600.0,77600
2342,26600.0,77600
2343,33800.0,48500
2344,33800.0,48500
2345,33800.0,48500
2346,25200.0,38900
2347,25200.0,38900
2348,25200.0,38900
2349,25200.0,38900
2350,23500.0,29100
2351,41700.0,94200
2352,50900.0,113300
2353,37100.0,79200
2354,31800.0,59500
2355,58100.0,161600
2356,36100.0,72400
2357,44700.0,86900
2358,40900.0,57800
2359,36900.0,62500
2360,39900.0,62500
2361,39900.0,62500
2362,39900.0,62500
2363,39900.0,62500
2364,39900.0,62500
2365,39900.0,62500
2366,39900.0,62500
2367,39900.0,62500
2368,29000.0,60800
2369,35700.0,45500
2370,35900.0,55100
2371,43400.0,96100
2372,43400.0,96100
2373,44500.0,118100
2374,39700.0,65100
2375,74700.0,218100
2376,29300.0,37000
2377,23500.0,37000
2378,23500.0,37000
2379,23500.0,37000
2380,64100.0,139300
2381,27700.0,54400
2382,55100.0,103200
2383,42200.0,99700
2384,37400.0,42200
2385,41800.0,69000
2386,39500.0,84000
2387,26100.0,71400
2388,63300.0,127000
2389,34900.0,73700
2390,43000.0,101700
2391,53200.0,106400
2392,33800.0,63600
2394,49100.0,121700
2395,39700.0,107300
2396,25500.0,59800
2397,29300.0,45700
2398,48400.0,81900
2399,27900.0,59900
2400,37700.0,102200
2401,30700.0,64500
2402,33200.0,54600
2403,42200.0,121900
2404,23200.0,72000
2405,23200.0,72000
2406,23200.0,72000
2407,23200.0,72000
2408,23200.0,72000
2409,23200.0,72000
2410,23200.0,72000
2411,23200.0,72000
2412,23200.0,72000
2413,23200.0,72000
2414,23200.0,72000
2415,23200.0,72000
2416,23200.0,72000
2417,23200.0,72000
2418,23200.0,72000
2419,23200.0,72000
2420,23200.0,72000
2421,23200.0,72000
2422,23200.0,72000
2423,23200.0,72000
2424,23200.0,72000
2425,23200.0,72000
2426,23200.0,72000
2427,23200.0,72000
2428,23200.0,72000
2429,23200.0,72000
2430,23200.0,72000
2431,23200.0,72000
2432,23200.0,72000
2433,23200.0,72000
2434,23200.0,72000
2435,23200.0,72000
2436,23200.0,72000
2437,23200.0,72000
2438,23200.0,72000
2439,23200.0,72000
2440,23200.0,72000
2441,23200.0,72000
2442,23200.0,72000
2443,23200.0,72000
2444,23200.0,72000
2445,23200.0,72000
2446,23200.0,72000
2447,23200.0,72000
2448,23200.0,72000
2449,23200.0,72000
2450,23200.0,72000
2451,23200.0,72000
2452,23200.0,72000
2453,23200.0,72000
2454,23200.0,72000
2455,23200.0,72000
2456,23200.0,72000
2457,23200.0,72000
2458,23200.0,72000
2459,23200.0,72000
2460,23200.0,72000
2461,23200.0,72000
2462,23200.0,72000
2463,23200.0,72000
2464,23200.0,72000
2465,23200.0,72000
2466,23200.0,72000
2467,23200.0,72000
2468,23200.0,72000
2469,23200.0,72000
2470,23200.0,72000
2471,23200.0,72000
2472,23200.0,72000
2473,23200.0,72000
2474,23200.0,72000
2475,23200.0,72000
2476,23200.0,72000
2477,23200.0,72000
2478,23200.0,72000
2479,23200.0,72000
2480,23200.0,72000
2481,23200.0,72000
2482,23200.0,72000
2483,23200.0,72000
2484,23200.0,72000
2485,23200.0,72000
2486,23200.0,72000
2487,23200.0,72000
2488,23200.0,72000
2489,47500.0,86900
2490,56400.0,121400
2491,22000.0,34600
2492,36600.0,101500
2493,26100.0,57700
2494,82000.0,114200
2495,82000.0,114200
2496,38800.0,73000
2497,41400.0,82700
2498,51100.0,142800
2499,53600.0,164400
2500,65400.0,149200
2501,20800.0,34900
2502,33500.0,83700
2503,47500.0,92700
2504,27400.0,69500
2505,23200.0,37800
2506,50600.0,102100
2507,33200.0,97000
2508,35100.0,46500
2509,45500.0,92100
2510,27600.0,78400
2512,31600.0,70800
2515,29500.0,59700
2516,22500.0,29400
2517,44700.0,111800
2518,29900.0,32200
2519,29200.0,32200
2520,47700.0,83600
2521,32300.0,44800
2522,40900.0,72600
2523,21300.0,32500
2524,62400.0,95700
2525,30300.0,81800
2526,45200.0,83500
2527,50800.0,107300
2528,27000.0,62700
2529,37400.0,92600
2530,38800.0,72600
2531,50500.0,111600
2532,50500.0,111600
2533,34000.0,66500
2534,27500.0,53600
2535,45700.0,120800
2536,43600.0,73500
2537,80900.0,109500
2538,32900.0,63800
2539,34000.0,81600
2540,50000.0,102400
2541,24100.0,67000
2542,33600.0,32700
2543,24100.0,33000
2544,57900.0,101000
2545,57900.0,101000
2546,57900.0,101000
2547,35900.0,51600
2548,41700.0,94300
2549,42600.0,86800
2550,39800.0,77700
2551,47000.0,94500
2552,48800.0,107400
2553,44300.0,48400
2554,43400.0,92700
2555,43900.0,85900
2556,35200.0,103100
2557,35000.0,71700
2558,35200.0,54000
2559,41800.0,66700
2560,35700.0,52600
2561,37200.0,63600
2562,41400.0,76000
2563,32400.0,56700
2564,82800.0,103800
2565,76400.0,89900
2566,45600.0,89900
2567,38400.0,74100
2568,56000.0,114500
2569,38700.0,100600
2570,44800.0,77900
2571,39300.0,86500
2572,47300.0,99200
2573,58300.0,109700
2574,26300.0,35100
2575,27300.0,38800
2576,33000.0,89000
2577,45700.0,70500
2578,52200.0,80200
2579,47800.0,88200
2580,60600.0,114300
2581,55200.0,69200
2582,30800.0,67800
2583,50400.0,96700
2584,50400.0,96700
2585,41800.0,94000
2586,43400.0,77000
2587,59600.0,144500
2588,43800.0,57300
2589,124100.0,92500
2590,56500.0,119700
2591,47800.0,82100
2592,46200.0,130600
2593,56300.0,110500
2594,46600.0,76700
2595,47800.0,105900
2596,50800.0,119100
2597,46400.0,106700
2598,50400.0,124700
2599,45800.0,59700
2600,49400.0,37500
2601,47600.0,90200
2602,47600.0,90200
2603,48200.0,82800
2604,36300.0,84200
2605,30800.0,76200
2606,43500.0,87100
2607,37600.0,82500
2608,27200.0,38000
2609,27200.0,38000
2610,27200.0,38000
2611,27200.0,38000
2612,27200.0,38000
2613,27200.0,38000
2614,27200.0,38000
2615,27200.0,38000
2616,53500.0,117500
2617,44600.0,84000
2618,49900.0,131000
2619,24600.0,46600
2620,27300.0,55000
2621,33000.0,55000
2622,29200.0,63200
2623,37800.0,63200
2624,39300.0,63200
2625,51000.0,100500
2626,51000.0,100500
2627,35100.0,53400
2628,49200.0,87200
2629,37700.0,71500
2630,37700.0,71500
2631,37700.0,71500
2632,30800.0,66300
2633,30800.0,66300
2634,28300.0,36000
2635,28300.0,36000
2636,28300.0,36000
2637,28300.0,36000
2638,28300.0,36000
2639,28300.0,36000
2640,28300.0,36000
2641,28300.0,36000
2642,28300.0,36000
2643,28300.0,36000
2644,28300.0,36000
2645,28300.0,36000
2646,28300.0,36000
2647,56100.0,91700
2648,31400.0,67900
2649,36600.0,67900
2650,30700.0,59400
2651,40700.0,77000
2652,31500.0,77000
2653,40500.0,77000
2654,24800.0,53500
2655,25800.0,50600
2656,30900.0,49700
2657,31600.0,39400
2658,24800.0,39400
2659,29400.0,39400
2660,36800.0,86100
2661,72600.0,149900
2662,72600.0,149900
2663,34600.0,66400
2664,31400.0,56400
2665,37700.0,90200
2666,33000.0,51300
2667,35700.0,80900
2668,43000.0,146500
2669,30300.0,64900
2670,36400.0,114900
2671,31300.0,45400
2672,25300.0,45500
2673,31000.0,68100
2674,28400.0,61100
2675,33500.0,105800
2676,31200.0,109600
2677,41800.0,95200
2678,32700.0,97500
2679,40200.0,82300
2680,54100.0,126300
2681,32300.0,71800
2682,32300.0,71800
2683,49100.0,104200
2684,56500.0,105700
2685,28100.0,49600
2686,31800.0,63100
2687,57200.0,100900
2688,40200.0,62900
2689,32800.0,60600
2690,29200.0,37800
2691,25100.0,48800
2692,34200.0,61800
2693,27100.0,60400
2694,45800.0,100000
2695,39700.0,83400
2696,28900.0,46500
2697,45000.0,93000
2698,40800.0,84200
2699,43200.0,84000
2700,43200.0,84000
2701,57100.0,116800
2702,42000.0,87000
2703,30700.0,85900
2704,55800.0,89800
2705,47500.0,80800
2706,34500.0,72700
2707,29200.0,70300
2708,32500.0,69500
2709,49700.0,175400
2710,41700.0,79200
2711,46200.0,114900
2712,27800.0,52500
2713,31700.0,76900
2714,31700.0,76900
2715,34800.0,84300
2716,49200.0,113700
2717,29000.0,54200
2718,29800.0,42000
2719,26900.0,44400
2720,30300.0,62900
2721,23400.0,29700
2722,30200.0,63500
2723,30200.0,63500
2724,34500.0,56200
2725,32000.0,73900
2726,37300.0,61600
2727,26200.0,57900
2728,30300.0,23900
2729,33400.0,40700
2730,33400.0,40700
2731,33400.0,40700
2732,33400.0,40700
2733,33400.0,40700
2734,33400.0,40700
2735,33400.0,40700
2736,33400.0,40700
2737,33400.0,40700
2738,33400.0,40700
2739,33400.0,40700
2740,33400.0,40700
2741,33400.0,40700
2742,33400.0,40700
2743,33400.0,40700
2744,33400.0,40700
2745,33400.0,40700
2746,26700.0,46900
2747,37000.0,70900
2748,37000.0,85200
2749,38200.0,68900
2750,28500.0,38400
2751,28500.0,38400
2752,28500.0,38400
2753,28500.0,38400
2754,28500.0,38400
2755,28500.0,66600
2756,24900.0,42600
2757,28200.0,55500
2758,37200.0,72700
2759,35800.0,58700
2760,20600.0,33200
2761,34800.0,67000
2762,38500.0,80500
2763,35700.0,60500
2764,21400.0,28900
2765,21400.0,28900
2766,21400.0,28900
2767,21400.0,28900
2768,21400.0,28900
2769,21400.0,28900
2770,21400.0,28900
2771,45300.0,91300
2772,42900.0,87300
2773,43000.0,87400
2774,60700.0,176400
2775,47600.0,83000
2776,45400.0,85800
2777,39000.0,84400
2778,58300.0,92400
2779,27800.0,53900
2780,30700.0,66800
2781,34700.0,38600
2782,34700.0,38600
2783,28600.0,32100
2784,39800.0,81700
2785,36000.0,84500
2786,39200.0,70600
2787,24400.0,55300
2788,24500.0,39800
2789,33700.0,72000
2790,26600.0,40900
2791,24900.0,35100
2792,24800.0,44100
2793,25700.0,53600
2794,28200.0,28100
2795,24300.0,44900
2796,33200.0,57700
2797,41500.0,66100
2798,35700.0,70400
2799,46400.0,71300
2800,30800.0,54200
2801,31700.0,55600
2802,25200.0,49700
2803,26900.0,73100
2804,28000.0,65300
2805,39300.0,61700
2806,31400.0,59700
2807,54000.0,130600
2808,44600.0,62100
2809,28300.0,57300
2810,32900.0,60600
2811,29000.0,72600
2812,47000.0,84500
2813,32600.0,64700
2814,30700.0,64700
2815,29700.0,58200
2816,41000.0,81800
2817,45100.0,107000
2818,45100.0,105300
2819,45100.0,105300
2820,31700.0,69300
2821,28300.0,74500
2822,47700.0,103300
2823,32800.0,49400
2824,49200.0,84800
2825,30000.0,78100
2826,46500.0,101100
2827,36900.0,110900
2828,50100.0,108400
2829,32900.0,60900
2830,94000.0,172600
2831,28200.0,62200
2832,32500.0,67200
2833,28000.0,47600
2834,26300.0,47600
2835,30900.0,62400
2836,51500.0,98000
2837,52600.0,95300
2838,51700.0,85600
2839,45000.0,91900
2840,57600.0,73600
2841,42400.0,91400
2842,39700.0,83800
2843,51000.0,78000
2844,25800.0,52800
2845,25800.0,52800
2846,41900.0,89300
2847,33900.0,94500
2848,35700.0,71600
2849,43200.0,98300
2850,28800.0,61000
2851,28800.0,61000
2852,28800.0,61000
2853,28800.0,61000
2854,28800.0,61000
2855,28800.0,61000
2856,28800.0,61000
2857,89200.0,96000
2858,49600.0,99000
2859,28200.0,37200
2860,60800.0,123800
2861,45900.0,52700
2862,45900.0,52700
2863,45900.0,52700
2864,45900.0,52700
2865,45900.0,52700
2866,45900.0,52700
2867,45900.0,52700
2868,45900.0,52700
2869,45900.0,52700
2870,45900.0,52700
2871,45900.0,52700
2872,45900.0,52700
2873,45900.0,52700
2874,45900.0,52700
2875,45900.0,52700
2876,45900.0,52700
2877,45900.0,52700
2878,45900.0,52700
2879,45900.0,52700
2880,45900.0,52700
2881,45900.0,52700
2882,45900.0,52700
2883,45900.0,52700
2884,45900.0,52700
2885,45900.0,52700
2886,45900.0,52700
2887,45900.0,52700
2888,45900.0,52700
2889,45900.0,52700
2890,45900.0,52700
2891,45900.0,52700
2892,45900.0,52700
2893,45900.0,52700
2894,45900.0,52700
2895,45900.0,52700
2896,45900.0,52700
2897,45900.0,52700
2898,45900.0,52700
2899,45900.0,52700
2900,45900.0,52700
2901,45900.0,52700
2902,45900.0,52700
2903,45900.0,52700
2904,45900.0,52700
2905,45900.0,52700
2906,45900.0,52700
2907,45900.0,52700
2908,45900.0,52700
2909,45900.0,52700
2910,45900.0,52700
2911,45900.0,52700
2912,45900.0,52700
2913,45900.0,52700
2914,45900.0,52700
2915,45900.0,52700
2916,45900.0,52700
2917,45900.0,52700
2918,45900.0,52700
2919,45900.0,52700
2920,45900.0,52700
2921,45900.0,52700
2922,45900.0,52700
2923,45900.0,52700
2924,45900.0,52700
2925,45900.0,52700
2926,45900.0,52700
2927,45900.0,52700
2928,45900.0,52700
2929,45900.0,52700
2930,45900.0,52700
2931,45900.0,52700
2932,45900.0,52700
2933,45900.0,52700
2934,45900.0,52700
2935,45900.0,52700
2936,45900.0,52700
2937,45900.0,52700
2938,45900.0,52700
2939,45900.0,52700
2940,45900.0,52700
2941,45900.0,52700
2942,37800.0,81200
2943,53100.0,88100
2944,37900.0,45000
2945,30500.0,42800
2946,31600.0,60900
2947,31600.0,60900
2948,31400.0,60900
2949,34600.0,60900
2950,29500.0,39600
2951,17000.0,49200
2952,27900.0,58400
2953,54100.0,113300
2954,34600.0,84900
2955,56700.0,135900
2956,38200.0,109900
2957,62100.0,119700
2958,40800.0,74000
2959,36400.0,74100
2960,31800.0,62300
2961,30700.0,61900
2962,42500.0,75900
2963,34400.0,75400
2964,38000.0,102100
2965,29700.0,29700
2966,34000.0,63900
2967,50500.0,82700
2968,26500.0,70900
2969,23900.0,55200
2970,26800.0,49300
2971,27800.0,54600
2972,26100.0,43900
2973,33200.0,61500
2974,35300.0,52600
2975,40500.0,78400
2976,38500.0,71800
2977,29700.0,64200
2978,27700.0,61200
2979,45800.0,35400
2980,58000.0,119400
2981,58000.0,119400
2982,39300.0,72800
2983,43400.0,81700
2984,42600.0,47700
2985,42600.0,47700
2986,52800.0,142700
2987,52800.0,142700
2988,45600.0,92800
2989,23000.0,31100
2990,23000.0,31100
2991,31300.0,36300
2992,32300.0,56400
2993,29800.0,29100
2994,33000.0,41000
2995,45700.0,100900
2996,51400.0,110300
2997,42000.0,62800
2998,44700.0,82600
2999,37600.0,69500
3000,49600.0,79300
3001,38100.0,60700
3002,49400.0,89700
3003,29900.0,65800
3004,32700.0,76200
3005,26800.0,46700
3006,30900.0,65500
3007,42600.0,75400
3008,31100.0,58900
3009,44100.0,98300
3010,27200.0,52000
3011,40500.0,79400
3012,22600.0,44100
3013,27300.0,64000
3014,40100.0,55800
3015,37500.0,55800
3016,41000.0,55800
3017,41000.0,55800
3018,39800.0,55800
3019,39800.0,55800
3020,30600.0,63500
3021,43300.0,83700
3022,43300.0,83700
3023,43300.0,83700
3024,42200.0,92700
3025,66100.0,198000
3026,41100.0,86400
3027,41100.0,86400
3028,41100.0,86400
3029,54900.0,153200
3030,30000.0,55700
3031,34300.0,63800
3032,37900.0,65400
3033,37000.0,64400
3034,37000.0,64400
3035,37000.0,64400
3036,37000.0,64400
3037,37000.0,64400
3038,37000.0,64400
3039,33900.0,72900
3040,32600.0,103100
3041,44500.0,104700
3042,75800.0,187900
3043,32900.0,69800
3044,31100.0,54500
3045,31100.0,54500
3046,31100.0,54500
3047,31100.0,54500
3048,31100.0,54500
3049,31100.0,54500
3050,37500.0,43900
3051,37500.0,43900
3052,37500.0,43900
3053,37500.0,43900
3054,34600.0,80800
3055,38300.0,67600
3056,35500.0,54400
3057,32500.0,57400
3058,30500.0,66300
3059,29300.0,56700
3060,32100.0,56400
3061,65400.0,134700
3062,33400.0,62400
3063,43200.0,89300
3064,25000.0,29600
3065,25000.0,29600
3066,25000.0,29600
3067,25000.0,29600
3068,25000.0,29600
3069,25000.0,29600
3070,25000.0,29600
3071,25000.0,29600
3072,25000.0,29600
3073,15800.0,21200
3074,38700.0,68500
3075,38700.0,68500
3076,38700.0,68500
3077,45200.0,62900
3078,45200.0,62900
3079,45200.0,62900
3080,45200.0,62900
3081,45200.0,62900
3082,46400.0,80600
3083,36500.0,74300
3084,36500.0,74300
3085,44500.0,106100
3086,41200.0,74600
3087,46700.0,91300
3088,38700.0,85000
3089,36000.0,85000
3090,45400.0,85000
3091,44900.0,93400
3092,31000.0,58400
3093,34900.0,62900
3094,31500.0,58800
3095,27200.0,35400
3096,25500.0,48700
3097,24400.0,43500
3098,27500.0,57300
3099,43100.0,56600
3100,64700.0,114700
3101,58200.0,109400
3102,58400.0,92100
3103,60700.0,105500
3104,49700.0,75000
3105,59900.0,111300
3106,55300.0,124000
3107,46900.0,115400
3108,38300.0,77200
3109,45400.0,91200
3110,38000.0,83800
3111,38800.0,77500
3112,40800.0,77700
3113,68100.0,132000
3114,42300.0,85200
3115,42300.0,85200
3116,42300.0,85200
3117,50800.0,128200
3118,56400.0,128200
3119,43900.0,128200
3120,58400.0,110300
3121,58400.0,110300
3122,58400.0,110300
3123,58400.0,110300
3124,47400.0,116700
3125,55100.0,128400
3126,57000.0,131400
3127,56500.0,152000
3128,47100.0,85200
3129,41800.0,96700
3130,43200.0,81800
3131,56000.0,106100
3132,56000.0,106100
3133,50500.0,127400
3134,47800.0,106300
3135,45800.0,75200
3136,37900.0,75200
3137,35700.0,75200
3138,37200.0,75200
3139,39000.0,75200
3140,29900.0,75200
3141,33200.0,75200
3142,26600.0,75200
3143,29600.0,75200
3144,38600.0,75200
3145,45000.0,65700
3146,51600.0,65700
3147,47900.0,65700
3148,41800.0,65700
3149,41900.0,86600
3150,61500.0,109000
3151,54300.0,109000
3152,44600.0,109000
3153,40600.0,86100
3154,51900.0,114700
3155,48800.0,116600
3156,45100.0,98800
3157,49200.0,72300
3158,39900.0,75800
3159,37500.0,59700
3160,41800.0,87400
3161,32400.0,72600
3162,36000.0,72600
3163,33400.0,72600
3164,42500.0,72600
3165,38700.0,72600
3166,27500.0,72600
3167,27700.0,72600
3168,48000.0,79700
3169,44200.0,83700
3170,51400.0,133800
3171,29700.0,102800
3172,45800.0,102800
3173,38100.0,102800
3174,44600.0,102800
3175,40500.0,102800
3176,50500.0,102800
3177,52200.0,102800
3178,50800.0,102800
3179,58000.0,102800
3180,62900.0,102800
3181,89700.0,102800
3182,55000.0,102800
3183,36600.0,102800
3184,51200.0,53900
3185,53300.0,100000
3186,48200.0,100000
3187,51400.0,100000
3188,48200.0,100000
3189,37400.0,83000
3190,60100.0,110100
3191,63400.0,156100
3192,48600.0,105200
3193,40600.0,94500
3194,47200.0,101600
3195,40700.0,101600
3196,51900.0,101600
3197,51900.0,101600
3198,44800.0,101600
3199,42700.0,109100
3200,48300.0,103000
3201,71200.0,103000
3202,45700.0,103000
3203,42900.0,103000
3204,35200.0,77600
3205,35500.0,82400
3206,35500.0,82400
3207,30400.0,59700
3208,34200.0,87700
3209,39500.0,57100
3210,42900.0,83400
3211,41300.0,89400
3212,44200.0,89400
3213,46400.0,89400
3214,46400.0,89400
3215,47000.0,103500
3216,45000.0,90400
3217,46300.0,89600
3218,51400.0,109900
3219,51400.0,109900
3220,51400.0,109900
3221,52100.0,84900
3222,36400.0,73900
3223,36400.0,73900
3224,36400.0,73900
3225,36400.0,73900
3226,36400.0,73900
3227,37800.0,66400
3228,37800.0,80300
3229,34500.0,90600
3230,55600.0,129500
3231,44000.0,92300
3232,37500.0,88700
3233,34400.0,63600
3234,41600.0,106500
3235,35500.0,106800
3236,48700.0,90000
3237,43200.0,88900
3238,41900.0,96300
3239,45000.0,98700
3240,45000.0,98700
3241,42000.0,99000
3242,44600.0,88700
3243,38500.0,79700
3244,78400.0,165400
3245,51100.0,98500
3246,51100.0,98500
3247,44800.0,108700
3248,85900.0,175300
3249,47100.0,56000
3250,47100.0,56000
3251,47100.0,56000
3252,47100.0,56000
3253,47100.0,56000
3254,47100.0,56000
3255,47100.0,56000
3256,47100.0,56000
3257,47100.0,56000
3258,47100.0,56000
3259,47100.0,56000
3260,47100.0,56000
3261,47100.0,56000
3262,47100.0,56000
3263,47100.0,56000
3264,47100.0,56000
3265,47100.0,56000
3266,47100.0,56000
3267,47100.0,56000
3268,47100.0,56000
3269,47100.0,56000
3270,47100.0,56000
3271,47100.0,56000
3272,47100.0,56000
3273,47100.0,56000
3274,47100.0,56000
3275,47100.0,56000
3276,47100.0,56000
3277,47100.0,56000
3278,47100.0,56000
3279,47100.0,56000
3280,47100.0,56000
3281,47100.0,56000
3282,47100.0,56000
3283,47100.0,56000
3284,47100.0,56000
3285,47100.0,56000
3286,47100.0,56000
3287,31100.0,57400
3288,53900.0,91200
3289,53900.0,91200
3290,53900.0,91200
3291,53900.0,91200
3292,53900.0,91200
3293,58800.0,117600
3294,52700.0,129700
3295,55000.0,108400
3296,52900.0,105900
3297,64500.0,180600
3298,33900.0,60300
3299,61200.0,129200
3300,40400.0,83700
3301,53100.0,91600
3302,52800.0,86600
3303,49600.0,90600
3304,56800.0,122900
3305,60000.0,139300
3306,62300.0,106900
3307,32000.0,59400
3308,57500.0,120200
3309,40100.0,78600
3310,37800.0,76700
3311,34300.0,85400
3312,44900.0,85400
3313,44900.0,85400
3314,37100.0,85400
3315,36800.0,85400
3316,26600.0,85400
3317,32800.0,85400
3318,36900.0,85400
3319,35900.0,71600
3320,38700.0,71600
3321,35300.0,71600
3322,56500.0,71600
3323,44400.0,71600
3324,42000.0,71600
3325,43500.0,80500
3326,43500.0,80500
3327,43500.0,80500
3328,74000.0,120100
3329,37000.0,83700
3330,36400.0,76700
3331,48600.0,92900
3332,38100.0,99200
3333,45100.0,99200
3334,36200.0,99200
3335,41900.0,31700
3336,48700.0,83600
3337,58200.0,125100
3338,33200.0,26400
3339,53100.0,100800
3340,40000.0,42400
3341,45300.0,74300
3342,44200.0,80500
3343,46100.0,64200
3344,32600.0,100600
3345,32600.0,100600
3346,35100.0,67000
3347,35200.0,40000
3348,35200.0,40000
3349,46500.0,69900
3350,33900.0,72600
3351,71700.0,96500
3352,91600.0,95300
3353,45500.0,174200
3354,43800.0,85200
3355,48500.0,93600
3356,53000.0,107400
3357,47300.0,120100
3358,61200.0,151000
3359,38400.0,69900
3360,57700.0,108100
3361,57700.0,108100
3362,57700.0,108100
3363,37400.0,60200
3364,38900.0,79700
3365,38200.0,85400
3366,56200.0,96100
3367,44200.0,96100
3368,36000.0,96100
3369,40800.0,96100
3370,45100.0,96100
3371,46200.0,96100
3372,48000.0,96100
3373,42700.0,96100
3374,47300.0,96100
3375,40900.0,96100
3376,40200.0,96100
3377,36700.0,96100
3378,42600.0,96100
3379,39900.0,96100
3380,47300.0,90100
3381,42900.0,62000
3382,35200.0,75500
3383,55200.0,103200
3384,47800.0,75100
3385,26000.0,62300
3386,26000.0,62300
3387,26000.0,62300
3388,26000.0,62300
3389,26000.0,62300
3390,26000.0,62300
3391,26000.0,62300
3392,26000.0,62300
3393,26000.0,62300
3394,43200.0,91300
3395,43800.0,89800
3396,45300.0,67500
3397,38700.0,83400
3398,32600.0,62000
3399,39300.0,62700
3400,48500.0,107000
3401,24200.0,43100
3402,69000.0,197900
3403,41800.0,83200
3404,54600.0,145100
3405,27000.0,48500
3406,27000.0,48500
3407,25400.0,48500
3408,25400.0,48500
3409,29200.0,48500
3410,29200.0,48500
3411,29200.0,48500
3412,29200.0,48500
3413,29200.0,48500
3414,29200.0,48500
3415,29200.0,48500
3416,29200.0,48500
3417,29200.0,48500
3418,29200.0,48500
3419,29200.0,48500
3420,24800.0,48500
3421,24800.0,48500
3422,24800.0,48500
3423,24800.0,48500
3424,24800.0,48500
3425,24800.0,48500
3426,51200.0,30900
3427,33800.0,73700
3428,38600.0,73700
3429,31000.0,73700
3430,31400.0,53100
3431,27800.0,62600
3432,35300.0,65600
3433,77900.0,159900
3434,32800.0,68800
3435,24600.0,36500
3436,24600.0,36500
3437,24600.0,36500
3438,24600.0,36500
3439,24600.0,36500
3440,24600.0,36500
3441,24600.0,36500
3442,24600.0,36500
3443,24600.0,36500
3444,24600.0,36500
3445,24600.0,36500
3446,24600.0,36500
3447,24600.0,36500
3448,24600.0,36500
3449,24600.0,36500
3450,24600.0,36500
3451,24600.0,36500
3452,24600.0,36500
3453,24600.0,36500
3454,24600.0,36500
3455,24600.0,36500
3456,24600.0,36500
3457,24600.0,36500
3458,24600.0,36500
3459,24600.0,36500
3460,24600.0,36500
3461,24600.0,36500
3462,24600.0,36500
3463,24600.0,36500
3464,24600.0,36500
3465,24600.0,36500
3466,24600.0,36500
3467,24600.0,36500
3468,44000.0,90700
3469,25500.0,54300
3470,65700.0,116700
3471,62500.0,123300
3472,35200.0,52200
3473,40700.0,90400
3474,30400.0,66800
3475,43200.0,78200
3476,32000.0,70800
3477,56300.0,100800
3478,56700.0,114400
3479,63800.0,191500
3480,31000.0,78900
3481,37800.0,70300
3482,34300.0,62000
3483,46400.0,94100
3484,43500.0,82700
3485,27500.0,55300
3486,34800.0,78600
3487,25600.0,104100
3488,45400.0,85100
3489,40300.0,80800
3490,40300.0,80800
3491,42600.0,74900
3492,54500.0,99300
3493,76100.0,226700
3494,51400.0,120900
3495,27100.0,58400
3496,50600.0,104200
3497,50600.0,104200
3498,50600.0,104200
3499,50600.0,104200
3500,70100.0,180200
3501,29200.0,89100
3502,32500.0,88600
3503,35900.0,91000
3504,41300.0,60200
3505,27400.0,54900
3506,24900.0,44300
3507,36100.0,67800
3508,40800.0,81800
3509,45300.0,74000
3510,31000.0,62500
3511,37200.0,62400
3512,37200.0,62400
3513,44500.0,92000
3514,42300.0,96000
3515,60800.0,142500
3516,35100.0,74900
3517,33400.0,61200
3518,65100.0,93600
3519,65100.0,93600
3520,65100.0,93600
3521,65100.0,93600
3522,42900.0,81500
3523,54700.0,165300
3524,48400.0,102700
3525,28500.0,63000
3526,28300.0,46100
3528,36400.0,72200
3529,28500.0,58900
3530,42700.0,74600
3531,38800.0,91600
3532,34500.0,91600
3533,33000.0,64200
3535,25800.0,57600
3536,29800.0,65100
3537,45800.0,86700
3538,45800.0,86700
3539,45800.0,86700
3540,28000.0,86700
3541,43600.0,86300
3542,37700.0,88000
3543,45200.0,100500
3544,33800.0,54700
3545,43200.0,93400
3546,35000.0,56700
3547,31500.0,62600
3548,34700.0,76100
3549,45000.0,112200
3550,29700.0,56400
3551,30500.0,62400
3552,54900.0,99300
3553,30900.0,51200
3554,29600.0,52100
3555,39700.0,86900
3556,25200.0,56900
3557,39000.0,94700
3558,28800.0,30500
3559,28800.0,30500
3560,34900.0,65500
3561,32700.0,53800
3562,45800.0,108100
3563,31800.0,79100
3564,46100.0,98100
3565,42700.0,96600
3566,43200.0,87900
3567,49800.0,95400
3568,51400.0,132100
3569,31800.0,64400
3570,29500.0,37800
3571,29500.0,37800
3572,29500.0,37800
3573,32800.0,39500
3574,32800.0,39500
3575,32800.0,39500
3576,37300.0,75500
3577,32400.0,78400
3578,47600.0,117300
3579,48400.0,130900
3580,46200.0,85100
3581,37900.0,95600
3582,35100.0,60400
3583,51300.0,138200
3584,46800.0,98500
3585,42100.0,98500
3586,42100.0,98500
3587,32900.0,58400
3588,40400.0,86400
3589,33200.0,45200
3590,53400.0,96000
3591,53400.0,96000
3592,53400.0,96000
3593,25800.0,53200
3594,51600.0,80100
3595,51100.0,110800
3596,34700.0,66500
3597,45700.0,95100
3598,46600.0,89500
3599,36000.0,105900
3600,42100.0,64400
3601,36500.0,88600
3602,33100.0,53800
3603,59000.0,184000
3604,22500.0,29300
3605,39800.0,60200
3606,40000.0,71400
3607,42500.0,94300
3608,24100.0,48000
3609,43200.0,86600
3610,33200.0,45400
3611,35900.0,84100
3612,32500.0,64000
3613,41300.0,85400
3614,43200.0,104800
3615,51500.0,133400
3616,30700.0,29500
3617,48200.0,61900
3618,27900.0,57700
3619,84900.0,109500
3620,48200.0,87600
3621,28900.0,72500
3622,18200.0,27200
3623,18200.0,27200
3624,18200.0,27200
3625,18200.0,27200
3626,18200.0,27200
3627,39500.0,83200
3628,39500.0,83200
3629,27800.0,53500
3630,51600.0,122100
3631,49800.0,63100
3632,36300.0,72300
3633,33300.0,55900
3634,83200.0,199700
3635,28800.0,58900
3636,58500.0,180100
3637,26500.0,61500
3638,30800.0,66400
3639,27300.0,66400
3640,37900.0,98300
3641,35900.0,71500
3642,28600.0,48700
3644,29800.0,53800
